{"cameraMode":{"drawMode":0,"name":"Shaded","section":"Shading Mode"},"sceneLighting":true,"audioPlay":false,"sceneViewState":{"m_AlwaysRefresh":false,"showFog":true,"showSkybox":true,"showFlares":true,"showImageEffects":true,"showParticleSystems":true,"showVisualEffectGraphs":true,"m_FxEnabled":true},"in2DMode":false,"pivot":{"x":-124.07579040527344,"y":14.080818176269532,"z":223.9117431640625},"rotation":{"x":-0.05596030503511429,"y":0.47564592957496645,"z":-0.030131671577692033,"w":-0.8773946762084961},"size":13.908839225769043,"orthographic":false}